{
    "name": "root",
    "metadata": {
        "timer_format_version": "0.1.0",
        "start_time_seconds": "1629729660",
        "python_version": "3.8.11 (default, Aug  6 2021, 09:57:55) [MSC v.1916 64 bit (AMD64)]",
        "command_line_arguments": "C:\\Users\\tobia\\anaconda3\\envs\\MLAgent\\Scripts\\mlagents-learn config/ttt.yaml --run-id tttest --force --time-scale 1",
        "mlagents_version": "0.27.0",
        "mlagents_envs_version": "0.27.0",
        "communication_protocol_version": "1.5.0",
        "pytorch_version": "1.9.0",
        "numpy_version": "1.20.3",
        "end_time_seconds": "1629729914"
    },
    "total": 254.0195227,
    "count": 1,
    "self": 0.005384200000008832,
    "children": {
        "run_training.setup": {
            "total": 0.07506900000000005,
            "count": 1,
            "self": 0.07506900000000005
        },
        "TrainerController.start_learning": {
            "total": 253.9390695,
            "count": 1,
            "self": 0.14916419999906338,
            "children": {
                "TrainerController._reset_env": {
                    "total": 3.7188443999999996,
                    "count": 1,
                    "self": 3.7188443999999996
                },
                "TrainerController.advance": {
                    "total": 249.99626990000095,
                    "count": 7163,
                    "self": 0.1479060000017114,
                    "children": {
                        "env_step": {
                            "total": 248.9217403000002,
                            "count": 7163,
                            "self": 238.77067559999932,
                            "children": {
                                "SubprocessEnvManager._take_step": {
                                    "total": 10.055585300000565,
                                    "count": 7163,
                                    "self": 0.6249220000006499,
                                    "children": {
                                        "TorchPolicy.evaluate": {
                                            "total": 9.430663299999916,
                                            "count": 13442,
                                            "self": 2.7710099000003314,
                                            "children": {
                                                "TorchPolicy.sample_actions": {
                                                    "total": 6.659653399999584,
                                                    "count": 13442,
                                                    "self": 6.659653399999584
                                                }
                                            }
                                        }
                                    }
                                },
                                "workers": {
                                    "total": 0.0954794000003103,
                                    "count": 7162,
                                    "self": 0.0,
                                    "children": {
                                        "worker_root": {
                                            "total": 249.91482869999942,
                                            "count": 7162,
                                            "is_parallel": true,
                                            "self": 18.63419280000045,
                                            "children": {
                                                "steps_from_proto": {
                                                    "total": 0.0004450000000000287,
                                                    "count": 2,
                                                    "is_parallel": true,
                                                    "self": 0.0002451999999997234,
                                                    "children": {
                                                        "_process_rank_one_or_two_observation": {
                                                            "total": 0.0001998000000003053,
                                                            "count": 4,
                                                            "is_parallel": true,
                                                            "self": 0.0001998000000003053
                                                        }
                                                    }
                                                },
                                                "UnityEnvironment.step": {
                                                    "total": 231.28019089999896,
                                                    "count": 7162,
                                                    "is_parallel": true,
                                                    "self": 0.7643208999989497,
                                                    "children": {
                                                        "UnityEnvironment._generate_step_input": {
                                                            "total": 0.4719664000004773,
                                                            "count": 7162,
                                                            "is_parallel": true,
                                                            "self": 0.4719664000004773
                                                        },
                                                        "communicator.exchange": {
                                                            "total": 226.87710019999983,
                                                            "count": 7162,
                                                            "is_parallel": true,
                                                            "self": 226.87710019999983
                                                        },
                                                        "steps_from_proto": {
                                                            "total": 3.1668033999997203,
                                                            "count": 14324,
                                                            "is_parallel": true,
                                                            "self": 1.987674699999566,
                                                            "children": {
                                                                "_process_rank_one_or_two_observation": {
                                                                    "total": 1.1791287000001542,
                                                                    "count": 28648,
                                                                    "is_parallel": true,
                                                                    "self": 1.1791287000001542
                                                                }
                                                            }
                                                        }
                                                    }
                                                }
                                            }
                                        }
                                    }
                                }
                            }
                        },
                        "trainer_advance": {
                            "total": 0.9266235999990187,
                            "count": 7162,
                            "self": 0.4277071000000747,
                            "children": {
                                "process_trajectory": {
                                    "total": 0.49891649999894394,
                                    "count": 7162,
                                    "self": 0.49891649999894394
                                }
                            }
                        }
                    }
                },