{
    "name": "root",
    "gauges": {
        "TicTacToe.Policy.Entropy.mean": {
            "value": 0.30292439460754395,
            "min": 0.2773515582084656,
            "max": 2.301889657974243,
            "count": 40
        },
        "TicTacToe.Policy.Entropy.sum": {
            "value": 15086.240234375,
            "min": 14215.32421875,
            "max": 118045.5078125,
            "count": 40
        },
        "TicTacToe.Environment.EpisodeLength.mean": {
            "value": 269.6290322580645,
            "min": 28.196365767878078,
            "max": 298.1373626373626,
            "count": 40
        },
        "TicTacToe.Environment.EpisodeLength.sum": {
            "value": 50151.0,
            "min": 34106.0,
            "max": 54261.0,
            "count": 40
        },
        "TicTacToe.Self-play.ELO.mean": {
            "value": 1357.9017926624774,
            "min": 1214.0277748394021,
            "max": 1357.9017926624774,
            "count": 40
        },
        "TicTacToe.Self-play.ELO.sum": {
            "value": 120853.2595469605,
            "min": 110507.32389370071,
            "max": 1035565.69193801,
            "count": 40
        },
        "TicTacToe.Step.mean": {
            "value": 999963.0,
            "min": 24971.0,
            "max": 999963.0,
            "count": 40
        },
        "TicTacToe.Step.sum": {
            "value": 999963.0,
            "min": 24971.0,
            "max": 999963.0,
            "count": 40
        },
        "TicTacToe.Policy.ExtrinsicValueEstimate.mean": {
            "value": 0.01152403000742197,
            "min": -2.8352060317993164,
            "max": 0.02749677374958992,
            "count": 40
        },
        "TicTacToe.Policy.ExtrinsicValueEstimate.sum": {
            "value": 5.024477005004883,
            "min": -2379.455810546875,
            "max": 11.79611587524414,
            "count": 40
        },
        "TicTacToe.Environment.CumulativeReward.mean": {
            "value": 0.15730337078651685,
            "min": -4.732784431137724,
            "max": 0.15730337078651685,
            "count": 40
        },
        "TicTacToe.Environment.CumulativeReward.sum": {
            "value": 14.0,
            "min": -3818.5,
            "max": 22.0,
            "count": 40
        },
        "TicTacToe.Policy.ExtrinsicReward.mean": {
            "value": 0.15730337078651685,
            "min": -4.732784431137724,
            "max": 0.15730337078651685,
            "count": 40
        },
        "TicTacToe.Policy.ExtrinsicReward.sum": {
            "value": 14.0,
            "min": -3818.5,
            "max": 22.0,
            "count": 40
        },
        "TicTacToe.Losses.PolicyLoss.mean": {
            "value": 0.02253906534363826,
            "min": 0.017758300489125155,
            "max": 0.02678480839046339,
            "count": 40
        },
        "TicTacToe.Losses.PolicyLoss.sum": {
            "value": 0.04507813068727652,
            "min": 0.03551660097825031,
            "max": 0.07895956872962415,
            "count": 40
        },
        "TicTacToe.Losses.ValueLoss.mean": {
            "value": 0.044024154916405676,
            "min": 0.04053769004954533,
            "max": 4.8898548285166425,
            "count": 40
        },
        "TicTacToe.Losses.ValueLoss.sum": {
            "value": 0.08804830983281135,
            "min": 0.08107538009909065,
            "max": 13.371780077616375,
            "count": 40
        },
        "TicTacToe.Policy.LearningRate.mean": {
            "value": 4.602548465850003e-06,
            "min": 4.602548465850003e-06,
            "max": 0.00029538225153925,
            "count": 40
        },
        "TicTacToe.Policy.LearningRate.sum": {
            "value": 9.205096931700006e-06,
            "min": 9.205096931700006e-06,
            "max": 0.0008445261184912998,
            "count": 40
        },
        "TicTacToe.Policy.Epsilon.mean": {
            "value": 0.10153415,
            "min": 0.10153415,
            "max": 0.19846075000000002,
            "count": 40
        },
        "TicTacToe.Policy.Epsilon.sum": {
            "value": 0.2030683,
            "min": 0.2030683,
            "max": 0.5815087,
            "count": 40
        },
        "TicTacToe.Policy.Beta.mean": {
            "value": 8.655408500000005e-05,
            "min": 8.655408500000005e-05,
            "max": 0.004923191425000001,
            "count": 40
        },
        "TicTacToe.Policy.Beta.sum": {
            "value": 0.0001731081700000001,
            "min": 0.0001731081700000001,
            "max": 0.014077284129999998,
            "count": 40
        },
        "TicTacToe.IsTraining.mean": {
            "value": 1.0,
            "min": 1.0,
            "max": 1.0,
            "count": 40
        },
        "TicTacToe.IsTraining.sum": {
            "value": 1.0,
            "min": 1.0,
            "max": 1.0,
            "count": 40
        }
    },
    "metadata": {
        "timer_format_version": "0.1.0",
        "start_time_seconds": "1629741140",
        "python_version": "3.8.11 (default, Aug  6 2021, 09:57:55) [MSC v.1916 64 bit (AMD64)]",
        "command_line_arguments": "C:\\Users\\tobia\\anaconda3\\envs\\MLAgents_CUDA\\Scripts\\mlagents-learn config/ttt.yaml --run-id ttest --force --time-scale 5",
        "mlagents_version": "0.27.0",
        "mlagents_envs_version": "0.27.0",
        "communication_protocol_version": "1.5.0",
        "pytorch_version": "1.9.0",
        "numpy_version": "1.21.2",
        "end_time_seconds": "1629742533"
    },
    "total": 1392.3988533,
    "count": 1,
    "self": 0.008044400000017049,
    "children": {
        "run_training.setup": {
            "total": 0.06438069999999996,
            "count": 1,
            "self": 0.06438069999999996
        },
        "TrainerController.start_learning": {
            "total": 1392.3264282,
            "count": 1,
            "self": 0.8952514999841696,
            "children": {
                "TrainerController._reset_env": {
                    "total": 5.086575699999974,
                    "count": 10,
                    "self": 5.086575699999974
                },
                "TrainerController.advance": {
                    "total": 1386.293881200016,
                    "count": 40174,
                    "self": 0.9178450000174507,
                    "children": {
                        "env_step": {
                            "total": 1169.4181857000083,
                            "count": 40174,
                            "self": 1079.7808993000124,
                            "children": {
                                "SubprocessEnvManager._take_step": {
                                    "total": 89.0949145000006,
                                    "count": 40174,
                                    "self": 3.620183499993132,
                                    "children": {
                                        "TorchPolicy.evaluate": {
                                            "total": 85.47473100000747,
                                            "count": 54568,
                                            "self": 31.945680100014243,
                                            "children": {
                                                "TorchPolicy.sample_actions": {
                                                    "total": 53.52905089999322,
                                                    "count": 54568,
                                                    "self": 53.52905089999322
                                                }
                                            }
                                        }
                                    }
                                },
                                "workers": {
                                    "total": 0.5423718999952216,
                                    "count": 40174,
                                    "self": 0.0,